{"cameraMode":{"drawMode":0,"name":"Shaded","section":"Shading Mode"},"sceneLighting":true,"audioPlay":false,"sceneViewState":{"showFog":true,"showMaterialUpdate":false,"showSkybox":true,"showFlares":true,"showImageEffects":true,"showParticleSystems":true},"in2DMode":false,"pivot":{"x":296.696533203125,"y":199.03846740722657,"z":3.319272518157959},"rotation":{"x":-0.20109142363071443,"y":-0.016161952167749406,"z":0.003317823400720954,"w":-0.979433536529541},"size":295.65399169921877,"orthographic":true}