{"cameraMode":{"drawMode":0,"name":"Shaded","section":"Shading Mode"},"sceneLighting":true,"audioPlay":false,"sceneViewState":{"showFog":true,"showMaterialUpdate":false,"showSkybox":true,"showFlares":true,"showImageEffects":true,"showParticleSystems":true},"in2DMode":false,"pivot":{"x":-0.5077822804450989,"y":2.9405624866485597,"z":-2.9100823402404787},"rotation":{"x":-0.27244022488594057,"y":-0.049911655485630038,"z":0.014152877032756806,"w":-0.9607731103897095},"size":18.930931091308595,"orthographic":true}