{"cameraMode":{"drawMode":0,"name":"Shaded","section":"Shading Mode"},"sceneLighting":true,"audioPlay":false,"sceneViewState":{"showFog":true,"showMaterialUpdate":false,"showSkybox":true,"showFlares":true,"showImageEffects":true,"showParticleSystems":true},"in2DMode":false,"pivot":{"x":0.3900204300880432,"y":4.912786483764648,"z":-4.479028701782227},"rotation":{"x":-0.05877627432346344,"y":-0.0009011051733978093,"z":0.000052698971558129415,"w":-0.9982708096504211},"size":23.122425079345704,"orthographic":false}