{"cameraMode":{"drawMode":0,"name":"Shaded","section":"Shading Mode"},"sceneLighting":true,"audioPlay":false,"sceneViewState":{"showFog":true,"showMaterialUpdate":false,"showSkybox":true,"showFlares":true,"showImageEffects":true,"showParticleSystems":true},"in2DMode":false,"pivot":{"x":6.587233543395996,"y":1.901383638381958,"z":10.025887489318848},"rotation":{"x":-0.10922583937644959,"y":0.7272976040840149,"z":-0.11909569054841995,"w":-0.6670264005661011},"size":8.621537208557129,"orthographic":false}